correct_letters,correct_responseStr,entered_text,given_name,letter,letters_entered,level,responseString,response_TrueFalse_choice,response_number_choice,response_response,response_time_TrueFalse_choice,response_time_number_choice,response_time_ready_to_begin,response_time_response,rlevel,rrepetition,rwrong_answers,sentenceText,sentenceTrue,sentence_number,subject_nr,time_dummy_delay,time_its_over_thank_you,time_logger_after_response,time_ready_to_begin,time_response,time_sentence_and_TF_buttons,wrong_answers
"NA","NA","7","NA","NA","NA","NA","NA","NA","NA","NA","NA","NA","NA","NA","NA","NA","NA","NA","NA","NA","888","NA","NA","50979","NA","NA","NA","NA"
"NA","NA","78","NA","NA","NA","NA","NA","NA","NA","NA","NA","NA","NA","NA","NA","NA","NA","NA","NA","NA","888","NA","NA","51471","NA","NA","NA","NA"
"NA","NA","787","NA","NA","NA","NA","NA","NA","NA","NA","NA","NA","NA","NA","NA","NA","NA","NA","NA","NA","888","NA","NA","52142","NA","NA","NA","NA"
"NA","NA","7877","NA","NA","NA","NA","NA","NA","NA","NA","NA","NA","NA","NA","NA","NA","NA","NA","NA","NA","888","NA","NA","52575","NA","NA","NA","NA"
"NA","NA","7877","NA","NA","NA","NA","NA","NA","NA","NA","NA","NA","NA","NA","NA","NA","NA","NA","NA","NA","888","NA","NA","53601","NA","NA","NA","NA"
"NA","NA","7877","NA","NA","NA","NA","NA","NA","NA","NA","NA","NA","NA","NA","NA","NA","NA","NA","NA","NA","888","NA","NA","53607","NA","NA","NA","NA"
"NA","NA","","NA","NA","NA","NA","NA","NA","NA","NA","NA","NA","NA","NA","NA","NA","NA","NA","NA","NA","888","NA","NA","53611","NA","NA","NA","NA"
"NA","NA","3","NA","NA","NA","NA","NA","NA","NA","NA","NA","NA","NA","NA","NA","NA","NA","NA","NA","NA","888","NA","NA","90543","NA","NA","NA","NA"
"NA","NA","35","NA","NA","NA","NA","NA","NA","NA","NA","NA","NA","NA","NA","NA","NA","NA","NA","NA","NA","888","NA","NA","91034","NA","NA","NA","NA"
"NA","NA","35","NA","NA","NA","NA","NA","NA","NA","NA","NA","NA","NA","NA","NA","NA","NA","NA","NA","NA","888","NA","NA","95088","NA","NA","NA","NA"
"NA","NA","35","NA","NA","NA","NA","NA","NA","NA","NA","NA","NA","NA","NA","NA","NA","NA","NA","NA","NA","888","NA","NA","95095","NA","NA","NA","NA"
"NA","NA","7","NA","NA","NA","NA","NA","NA","NA","NA","NA","NA","NA","NA","NA","NA","NA","NA","NA","NA","888","NA","NA","115623","NA","NA","NA","NA"
"NA","NA","72","NA","NA","NA","NA","NA","NA","NA","NA","NA","NA","NA","NA","NA","NA","NA","NA","NA","NA","888","NA","NA","116273","NA","NA","NA","NA"
"NA","NA","72","NA","NA","NA","NA","NA","NA","NA","NA","NA","NA","NA","NA","NA","NA","NA","NA","NA","NA","888","NA","NA","118431","NA","NA","NA","NA"
"NA","NA","72","NA","NA","NA","NA","NA","NA","NA","NA","NA","NA","NA","NA","NA","NA","NA","NA","NA","NA","888","NA","NA","118437","NA","NA","NA","NA"
"NA","c82","8","NA","NA","NA","2","NA","NA","NA","NA","NA","NA","NA","NA","NA","NA","NA","NA","NA","NA","888","NA","NA","134331","NA","NA","NA","0"
"NA","c82","82","NA","NA","NA","2","NA","NA","NA","NA","NA","NA","NA","NA","NA","NA","NA","NA","NA","NA","888","NA","NA","134946","NA","NA","NA","0"
"NA","c82","82","NA","NA","NA","2","NA","NA","NA","NA","NA","NA","NA","NA","NA","NA","NA","NA","NA","NA","888","NA","NA","135989","NA","NA","NA","0"
"NA","c82","82","NA","NA","NA","2","c82","NA","NA","NA","NA","NA","NA","NA","NA","NA","NA","NA","NA","NA","888","NA","NA","135994","NA","NA","NA","0"
"NA","c57","5","NA","NA","NA","2","c82","NA","NA","NA","NA","NA","NA","NA","NA","NA","NA","NA","NA","NA","888","NA","NA","142878","NA","NA","NA","0"
"NA","c57","57","NA","NA","NA","2","c82","NA","NA","NA","NA","NA","NA","NA","NA","NA","NA","NA","NA","NA","888","NA","NA","143481","NA","NA","NA","0"
"NA","c57","57","NA","NA","NA","2","c82","NA","NA","NA","NA","NA","NA","NA","NA","NA","NA","NA","NA","NA","888","NA","NA","144532","NA","NA","NA","0"
"NA","c57","57","NA","NA","NA","2","c57","NA","NA","NA","NA","NA","NA","NA","NA","NA","NA","NA","NA","NA","888","NA","NA","144538","NA","NA","NA","0"
"NA","c73","7","NA","NA","NA","2","c57","NA","NA","NA","NA","NA","NA","NA","NA","NA","NA","NA","NA","NA","888","NA","NA","151172","NA","NA","NA","0"
"NA","c73","73","NA","NA","NA","2","c57","NA","NA","NA","NA","NA","NA","NA","NA","NA","NA","NA","NA","NA","888","NA","NA","151787","NA","NA","NA","0"
"NA","c73","73","NA","NA","NA","2","c57","NA","NA","NA","NA","NA","NA","NA","NA","NA","NA","NA","NA","NA","888","NA","NA","153033","NA","NA","NA","0"
"NA","c73","73","NA","NA","NA","2","c73","NA","NA","NA","NA","NA","NA","NA","NA","NA","NA","NA","NA","NA","888","NA","NA","153039","NA","NA","NA","0"
"NA","c752","7","NA","NA","NA","3","c73","NA","NA","NA","NA","NA","NA","NA","NA","NA","NA","NA","NA","NA","888","NA","NA","162605","NA","NA","NA","0"
"NA","c752","75","NA","NA","NA","3","c73","NA","NA","NA","NA","NA","NA","NA","NA","NA","NA","NA","NA","NA","888","NA","NA","163720","NA","NA","NA","0"
"NA","c752","752","NA","NA","NA","3","c73","NA","NA","NA","NA","NA","NA","NA","NA","NA","NA","NA","NA","NA","888","NA","NA","164704","NA","NA","NA","0"
"NA","c752","752","NA","NA","NA","3","c73","NA","NA","NA","NA","NA","NA","NA","NA","NA","NA","NA","NA","NA","888","NA","NA","165766","NA","NA","NA","0"
"NA","c752","752","NA","NA","NA","3","c752","NA","NA","NA","NA","NA","NA","NA","NA","NA","NA","NA","NA","NA","888","NA","NA","165772","NA","NA","NA","0"
"NA","c258","2","NA","NA","NA","3","c752","NA","NA","NA","NA","NA","NA","NA","NA","NA","NA","NA","NA","NA","888","NA","NA","175224","NA","NA","NA","0"
"NA","c258","25","NA","NA","NA","3","c752","NA","NA","NA","NA","NA","NA","NA","NA","NA","NA","NA","NA","NA","888","NA","NA","175957","NA","NA","NA","0"
"NA","c258","258","NA","NA","NA","3","c752","NA","NA","NA","NA","NA","NA","NA","NA","NA","NA","NA","NA","NA","888","NA","NA","176757","NA","NA","NA","0"
"NA","c258","258","NA","NA","NA","3","c752","NA","NA","NA","NA","NA","NA","NA","NA","NA","NA","NA","NA","NA","888","NA","NA","178031","NA","NA","NA","0"
"NA","c258","258","NA","NA","NA","3","c258","NA","NA","NA","NA","NA","NA","NA","NA","NA","NA","NA","NA","NA","888","NA","NA","178038","NA","NA","NA","0"
"NA","c627","6","NA","NA","NA","3","c258","NA","NA","NA","NA","NA","NA","NA","NA","NA","NA","NA","NA","NA","888","NA","NA","187454","NA","NA","NA","0"
"NA","c627","62","NA","NA","NA","3","c258","NA","NA","NA","NA","NA","NA","NA","NA","NA","NA","NA","NA","NA","888","NA","NA","188234","NA","NA","NA","0"
"NA","c627","627","NA","NA","NA","3","c258","NA","NA","NA","NA","NA","NA","NA","NA","NA","NA","NA","NA","NA","888","NA","NA","189006","NA","NA","NA","0"
"NA","c627","627","NA","NA","NA","3","c258","NA","NA","NA","NA","NA","NA","NA","NA","NA","NA","NA","NA","NA","888","NA","NA","190553","NA","NA","NA","0"
"NA","c627","627","NA","NA","NA","3","c627","NA","NA","NA","NA","NA","NA","NA","NA","NA","NA","NA","NA","NA","888","NA","NA","190560","NA","NA","NA","0"
"NA","c3875","3","NA","NA","NA","4","c627","NA","NA","NA","NA","NA","NA","NA","NA","NA","NA","NA","NA","NA","888","NA","NA","202563","NA","NA","NA","0"
"NA","c3875","38","NA","NA","NA","4","c627","NA","NA","NA","NA","NA","NA","NA","NA","NA","NA","NA","NA","NA","888","NA","NA","203863","NA","NA","NA","0"
"NA","c3875","387","NA","NA","NA","4","c627","NA","NA","NA","NA","NA","NA","NA","NA","NA","NA","NA","NA","NA","888","NA","NA","204438","NA","NA","NA","0"
"NA","c3875","3875","NA","NA","NA","4","c627","NA","NA","NA","NA","NA","NA","NA","NA","NA","NA","NA","NA","NA","888","NA","NA","205072","NA","NA","NA","0"
"NA","c3875","3875","NA","NA","NA","4","c627","NA","NA","NA","NA","NA","NA","NA","NA","NA","NA","NA","NA","NA","888","NA","NA","207668","NA","NA","NA","0"
"NA","c3875","3875","NA","NA","NA","4","c3875","NA","NA","NA","NA","NA","NA","NA","NA","NA","NA","NA","NA","NA","888","NA","NA","207679","NA","NA","NA","0"
"NA","c5246","5","NA","NA","NA","4","c3875","NA","NA","NA","NA","NA","NA","NA","NA","NA","NA","NA","NA","NA","888","NA","NA","219735","NA","NA","NA","0"
"NA","c5246","52","NA","NA","NA","4","c3875","NA","NA","NA","NA","NA","NA","NA","NA","NA","NA","NA","NA","NA","888","NA","NA","220491","NA","NA","NA","0"
"NA","c5246","524","NA","NA","NA","4","c3875","NA","NA","NA","NA","NA","NA","NA","NA","NA","NA","NA","NA","NA","888","NA","NA","221219","NA","NA","NA","0"
"NA","c5246","5246","NA","NA","NA","4","c3875","NA","NA","NA","NA","NA","NA","NA","NA","NA","NA","NA","NA","NA","888","NA","NA","222502","NA","NA","NA","0"
"NA","c5246","5246","NA","NA","NA","4","c3875","NA","NA","NA","NA","NA","NA","NA","NA","NA","NA","NA","NA","NA","888","NA","NA","224921","NA","NA","NA","0"
"NA","c5246","5246","NA","NA","NA","4","c5246","NA","NA","NA","NA","NA","NA","NA","NA","NA","NA","NA","NA","NA","888","NA","NA","224926","NA","NA","NA","0"
"NA","c4683","4","NA","NA","NA","4","c5246","NA","NA","NA","NA","NA","NA","NA","NA","NA","NA","NA","NA","NA","888","NA","NA","236535","NA","NA","NA","0"
"NA","c4683","46","NA","NA","NA","4","c5246","NA","NA","NA","NA","NA","NA","NA","NA","NA","NA","NA","NA","NA","888","NA","NA","237088","NA","NA","NA","0"
"NA","c4683","468","NA","NA","NA","4","c5246","NA","NA","NA","NA","NA","NA","NA","NA","NA","NA","NA","NA","NA","888","NA","NA","237724","NA","NA","NA","0"
"NA","c4683","4683","NA","NA","NA","4","c5246","NA","NA","NA","NA","NA","NA","NA","NA","NA","NA","NA","NA","NA","888","NA","NA","238442","NA","NA","NA","0"
"NA","c4683","4683","NA","NA","NA","4","c5246","NA","NA","NA","NA","NA","NA","NA","NA","NA","NA","NA","NA","NA","888","NA","NA","239403","NA","NA","NA","0"
"NA","c4683","4683","NA","NA","NA","4","c4683","NA","NA","NA","NA","NA","NA","NA","NA","NA","NA","NA","NA","NA","888","NA","NA","239408","NA","NA","NA","0"
"NA","c86325","8","NA","NA","NA","5","c4683","NA","NA","NA","NA","NA","NA","NA","NA","NA","NA","NA","NA","NA","888","NA","NA","253820","NA","NA","NA","0"
"NA","c86325","86","NA","NA","NA","5","c4683","NA","NA","NA","NA","NA","NA","NA","NA","NA","NA","NA","NA","NA","888","NA","NA","254821","NA","NA","NA","0"
"NA","c86325","863","NA","NA","NA","5","c4683","NA","NA","NA","NA","NA","NA","NA","NA","NA","NA","NA","NA","NA","888","NA","NA","255630","NA","NA","NA","0"
"NA","c86325","8632","NA","NA","NA","5","c4683","NA","NA","NA","NA","NA","NA","NA","NA","NA","NA","NA","NA","NA","888","NA","NA","256300","NA","NA","NA","0"
"NA","c86325","86325","NA","NA","NA","5","c4683","NA","NA","NA","NA","NA","NA","NA","NA","NA","NA","NA","NA","NA","888","NA","NA","256971","NA","NA","NA","0"
"NA","c86325","86325","NA","NA","NA","5","c4683","NA","NA","NA","NA","NA","NA","NA","NA","NA","NA","NA","NA","NA","888","NA","NA","258010","NA","NA","NA","0"
"NA","c86325","86325","NA","NA","NA","5","c86325","NA","NA","NA","NA","NA","NA","NA","NA","NA","NA","NA","NA","NA","888","NA","NA","258015","NA","NA","NA","0"
"NA","c73528","7","NA","NA","NA","5","c86325","NA","NA","NA","NA","NA","NA","NA","NA","NA","NA","NA","NA","NA","888","NA","NA","272416","NA","NA","NA","0"
"NA","c73528","73","NA","NA","NA","5","c86325","NA","NA","NA","NA","NA","NA","NA","NA","NA","NA","NA","NA","NA","888","NA","NA","272983","NA","NA","NA","0"
"NA","c73528","735","NA","NA","NA","5","c86325","NA","NA","NA","NA","NA","NA","NA","NA","NA","NA","NA","NA","NA","888","NA","NA","273827","NA","NA","NA","0"
"NA","c73528","7352","NA","NA","NA","5","c86325","NA","NA","NA","NA","NA","NA","NA","NA","NA","NA","NA","NA","NA","888","NA","NA","274320","NA","NA","NA","0"
"NA","c73528","73528","NA","NA","NA","5","c86325","NA","NA","NA","NA","NA","NA","NA","NA","NA","NA","NA","NA","NA","888","NA","NA","274844","NA","NA","NA","0"
"NA","c73528","73528","NA","NA","NA","5","c86325","NA","NA","NA","NA","NA","NA","NA","NA","NA","NA","NA","NA","NA","888","NA","NA","275943","NA","NA","NA","0"
"NA","c73528","73528","NA","NA","NA","5","c73528","NA","NA","NA","NA","NA","NA","NA","NA","NA","NA","NA","NA","NA","888","NA","NA","275948","NA","NA","NA","0"
"NA","c48253","4","NA","NA","NA","5","c73528","NA","NA","NA","NA","NA","NA","NA","NA","NA","NA","NA","NA","NA","888","NA","NA","290385","NA","NA","NA","0"
"NA","c48253","48","NA","NA","NA","5","c73528","NA","NA","NA","NA","NA","NA","NA","NA","NA","NA","NA","NA","NA","888","NA","NA","291279","NA","NA","NA","0"
"NA","c48253","482","NA","NA","NA","5","c73528","NA","NA","NA","NA","NA","NA","NA","NA","NA","NA","NA","NA","NA","888","NA","NA","291735","NA","NA","NA","0"
"NA","c48253","4825","NA","NA","NA","5","c73528","NA","NA","NA","NA","NA","NA","NA","NA","NA","NA","NA","NA","NA","888","NA","NA","292540","NA","NA","NA","0"
"NA","c48253","48253","NA","NA","NA","5","c73528","NA","NA","NA","NA","NA","NA","NA","NA","NA","NA","NA","NA","NA","888","NA","NA","292997","NA","NA","NA","0"
"NA","c48253","48253","NA","NA","NA","5","c73528","NA","NA","NA","NA","NA","NA","NA","NA","NA","NA","NA","NA","NA","888","NA","NA","294080","NA","NA","NA","0"
"NA","c48253","48253","NA","NA","NA","5","c48253","NA","NA","NA","NA","NA","NA","NA","NA","NA","NA","NA","NA","NA","888","NA","NA","294085","NA","NA","NA","0"
"NA","c473586","4","NA","NA","NA","6","c48253","NA","NA","NA","NA","NA","NA","NA","NA","NA","NA","NA","NA","NA","888","NA","NA","310834","NA","NA","NA","0"
"NA","c473586","47","NA","NA","NA","6","c48253","NA","NA","NA","NA","NA","NA","NA","NA","NA","NA","NA","NA","NA","888","NA","NA","311372","NA","NA","NA","0"
"NA","c473586","473","NA","NA","NA","6","c48253","NA","NA","NA","NA","NA","NA","NA","NA","NA","NA","NA","NA","NA","888","NA","NA","312018","NA","NA","NA","0"
"NA","c473586","4735","NA","NA","NA","6","c48253","NA","NA","NA","NA","NA","NA","NA","NA","NA","NA","NA","NA","NA","888","NA","NA","312592","NA","NA","NA","0"
"NA","c473586","47358","NA","NA","NA","6","c48253","NA","NA","NA","NA","NA","NA","NA","NA","NA","NA","NA","NA","NA","888","NA","NA","313432","NA","NA","NA","0"
"NA","c473586","473586","NA","NA","NA","6","c48253","NA","NA","NA","NA","NA","NA","NA","NA","NA","NA","NA","NA","NA","888","NA","NA","314971","NA","NA","NA","0"
"NA","c473586","473586","NA","NA","NA","6","c48253","NA","NA","NA","NA","NA","NA","NA","NA","NA","NA","NA","NA","NA","888","NA","NA","316930","NA","NA","NA","0"
"NA","c473586","473586","NA","NA","NA","6","c473586","NA","NA","NA","NA","NA","NA","NA","NA","NA","NA","NA","NA","NA","888","NA","NA","316936","NA","NA","NA","0"
"NA","c586247","5","NA","NA","NA","6","c473586","NA","NA","NA","NA","NA","NA","NA","NA","NA","NA","NA","NA","NA","888","NA","NA","334650","NA","NA","NA","0"
"NA","c586247","58","NA","NA","NA","6","c473586","NA","NA","NA","NA","NA","NA","NA","NA","NA","NA","NA","NA","NA","888","NA","NA","335479","NA","NA","NA","0"
"NA","c586247","586","NA","NA","NA","6","c473586","NA","NA","NA","NA","NA","NA","NA","NA","NA","NA","NA","NA","NA","888","NA","NA","337260","NA","NA","NA","0"
"NA","c586247","5862","NA","NA","NA","6","c473586","NA","NA","NA","NA","NA","NA","NA","NA","NA","NA","NA","NA","NA","888","NA","NA","337681","NA","NA","NA","0"
"NA","c586247","58627","NA","NA","NA","6","c473586","NA","NA","NA","NA","NA","NA","NA","NA","NA","NA","NA","NA","NA","888","NA","NA","338530","NA","NA","NA","0"
"NA","c586247","58627","NA","NA","NA","6","c473586","NA","NA","NA","NA","NA","NA","NA","NA","NA","NA","NA","NA","NA","888","NA","NA","345022","NA","NA","NA","0"
"NA","c586247","58627","NA","NA","NA","6","c58627","NA","NA","NA","NA","NA","NA","NA","NA","NA","NA","NA","NA","NA","888","NA","NA","345027","NA","NA","NA","1"
"NA","c384726","3","NA","NA","NA","6","c58627","NA","NA","NA","NA","NA","NA","NA","NA","NA","NA","NA","NA","NA","888","NA","NA","361621","NA","NA","NA","1"
"NA","c384726","38","NA","NA","NA","6","c58627","NA","NA","NA","NA","NA","NA","NA","NA","NA","NA","NA","NA","NA","888","NA","NA","362422","NA","NA","NA","1"
"NA","c384726","382","NA","NA","NA","6","c58627","NA","NA","NA","NA","NA","NA","NA","NA","NA","NA","NA","NA","NA","888","NA","NA","362975","NA","NA","NA","1"
"NA","c384726","3826","NA","NA","NA","6","c58627","NA","NA","NA","NA","NA","NA","NA","NA","NA","NA","NA","NA","NA","888","NA","NA","364295","NA","NA","NA","1"
"NA","c384726","38268","NA","NA","NA","6","c58627","NA","NA","NA","NA","NA","NA","NA","NA","NA","NA","NA","NA","NA","888","NA","NA","364808","NA","NA","NA","1"
"NA","c384726","38268","NA","NA","NA","6","c58627","NA","NA","NA","NA","NA","NA","NA","NA","NA","NA","NA","NA","NA","888","NA","NA","365634","NA","NA","NA","1"
"NA","c384726","38268","NA","NA","NA","6","c38268","NA","NA","NA","NA","NA","NA","NA","NA","NA","NA","NA","NA","NA","888","NA","NA","365639","NA","NA","NA","2"
"NA","c5742638","5","NA","NA","NA","7","c38268","NA","NA","NA","NA","NA","NA","NA","NA","NA","NA","NA","NA","NA","888","NA","NA","385191","NA","NA","NA","0"
"NA","c5742638","57","NA","NA","NA","7","c38268","NA","NA","NA","NA","NA","NA","NA","NA","NA","NA","NA","NA","NA","888","NA","NA","385885","NA","NA","NA","0"
"NA","c5742638","574","NA","NA","NA","7","c38268","NA","NA","NA","NA","NA","NA","NA","NA","NA","NA","NA","NA","NA","888","NA","NA","386803","NA","NA","NA","0"
"NA","c5742638","5742","NA","NA","NA","7","c38268","NA","NA","NA","NA","NA","NA","NA","NA","NA","NA","NA","NA","NA","888","NA","NA","387377","NA","NA","NA","0"
"NA","c5742638","57426","NA","NA","NA","7","c38268","NA","NA","NA","NA","NA","NA","NA","NA","NA","NA","NA","NA","NA","888","NA","NA","388384","NA","NA","NA","0"
"NA","c5742638","574268","NA","NA","NA","7","c38268","NA","NA","NA","NA","NA","NA","NA","NA","NA","NA","NA","NA","NA","888","NA","NA","392480","NA","NA","NA","0"
"NA","c5742638","574268","NA","NA","NA","7","c38268","NA","NA","NA","NA","NA","NA","NA","NA","NA","NA","NA","NA","NA","888","NA","NA","394047","NA","NA","NA","0"
"NA","c5742638","574268","NA","NA","NA","7","c574268","NA","NA","NA","NA","NA","NA","NA","NA","NA","NA","NA","NA","NA","888","NA","NA","394053","NA","NA","NA","1"
"NA","c5368247","5","NA","NA","NA","7","c574268","NA","NA","NA","NA","NA","NA","NA","NA","NA","NA","NA","NA","NA","888","NA","NA","413694","NA","NA","NA","1"
"NA","c5368247","54","NA","NA","NA","7","c574268","NA","NA","NA","NA","NA","NA","NA","NA","NA","NA","NA","NA","NA","888","NA","NA","414257","NA","NA","NA","1"
"NA","c5368247","543","NA","NA","NA","7","c574268","NA","NA","NA","NA","NA","NA","NA","NA","NA","NA","NA","NA","NA","888","NA","NA","415318","NA","NA","NA","1"
"NA","c5368247","5438","NA","NA","NA","7","c574268","NA","NA","NA","NA","NA","NA","NA","NA","NA","NA","NA","NA","NA","888","NA","NA","417674","NA","NA","NA","1"
"NA","c5368247","54382","NA","NA","NA","7","c574268","NA","NA","NA","NA","NA","NA","NA","NA","NA","NA","NA","NA","NA","888","NA","NA","418012","NA","NA","NA","1"
"NA","c5368247","543826","NA","NA","NA","7","c574268","NA","NA","NA","NA","NA","NA","NA","NA","NA","NA","NA","NA","NA","888","NA","NA","418476","NA","NA","NA","1"
"NA","c5368247","5438264","NA","NA","NA","7","c574268","NA","NA","NA","NA","NA","NA","NA","NA","NA","NA","NA","NA","NA","888","NA","NA","418839","NA","NA","NA","1"
"NA","c5368247","5438264","NA","NA","NA","7","c574268","NA","NA","NA","NA","NA","NA","NA","NA","NA","NA","NA","NA","NA","888","NA","NA","420263","NA","NA","NA","1"
"NA","c5368247","5438264","NA","NA","NA","7","c5438264","NA","NA","NA","NA","NA","NA","NA","NA","NA","NA","NA","NA","NA","888","NA","NA","420268","NA","NA","NA","2"
"NA","c6283574","5","NA","NA","NA","7","c5438264","NA","NA","NA","NA","NA","NA","NA","NA","NA","NA","NA","NA","NA","888","NA","NA","440759","NA","NA","NA","2"
"NA","c6283574","52","NA","NA","NA","7","c5438264","NA","NA","NA","NA","NA","NA","NA","NA","NA","NA","NA","NA","NA","888","NA","NA","441262","NA","NA","NA","2"
"NA","c6283574","528","NA","NA","NA","7","c5438264","NA","NA","NA","NA","NA","NA","NA","NA","NA","NA","NA","NA","NA","888","NA","NA","441825","NA","NA","NA","2"
"NA","c6283574","5283","NA","NA","NA","7","c5438264","NA","NA","NA","NA","NA","NA","NA","NA","NA","NA","NA","NA","NA","888","NA","NA","443100","NA","NA","NA","2"
"NA","c6283574","52832","NA","NA","NA","7","c5438264","NA","NA","NA","NA","NA","NA","NA","NA","NA","NA","NA","NA","NA","888","NA","NA","447444","NA","NA","NA","2"
"NA","c6283574","528326","NA","NA","NA","7","c5438264","NA","NA","NA","NA","NA","NA","NA","NA","NA","NA","NA","NA","NA","888","NA","NA","447902","NA","NA","NA","2"
"NA","c6283574","5283267","NA","NA","NA","7","c5438264","NA","NA","NA","NA","NA","NA","NA","NA","NA","NA","NA","NA","NA","888","NA","NA","449231","NA","NA","NA","2"
"NA","c6283574","5283267","NA","NA","NA","7","c5438264","NA","NA","NA","NA","NA","NA","NA","NA","NA","NA","NA","NA","NA","888","NA","NA","449510","NA","NA","NA","2"
"NA","c6283574","5283267","NA","NA","NA","7","c5283267","NA","NA","NA","NA","NA","NA","NA","NA","NA","NA","NA","NA","NA","888","NA","NA","449516","NA","NA","NA","3"
"NA","c6283574","5283267","NA","NA","NA","8","c5283267","NA","NA","NA","NA","NA","NA","NA","NA","NA","NA","NA","NA","NA","888","NA","NA","453754","NA","NA","NA","3"
"NA","c6283574","","NA","NA","NA","8","c5283267","1","NA","NA","2288","NA","NA","NA","2","NA","NA","NA","NA","NA","888","NA","NA","479437","NA","NA","NA","3"
"NA","c6283574","","NA","NA","NA","8","c5283267","2","NA","NA","2058","NA","NA","NA","2","NA","NA","NA","NA","NA","888","NA","NA","483536","NA","NA","NA","3"
"NA","c6283574","S","NA","NA","NA","8","c5283267","2","NA","NA","2058","NA","NA","NA","2","NA","NA","NA","NA","NA","888","NA","NA","487099","NA","NA","NA","3"
"NA","c6283574","SL","NA","NA","NA","8","c5283267","2","NA","NA","2058","NA","NA","NA","2","NA","NA","NA","NA","NA","888","NA","NA","488054","NA","NA","NA","3"
"NA","c6283574","SL","NA","NA","NA","8","c5283267","2","NA","NA","2058","NA","NA","NA","2","NA","NA","NA","NA","NA","888","NA","NA","495754","NA","NA","NA","3"
"PM","c6283574","","NA","P","NA","8","c5283267","1","NA","NA","1359","NA","NA","NA","2","1","0","Ravintolassa syödään ruokaa.","1","1","888","NA","NA","502584","NA","NA","501223","3"
"PM","c6283574","","NA","P","NA","8","c5283267","1","NA","NA","1359","NA","NA","NA","2","1","0","Ravintolassa syödään ruokaa.","1","1","888","NA","NA","504695","NA","NA","501223","3"
"PM","c6283574","","NA","M","NA","8","c5283267","2","NA","NA","1904","NA","NA","NA","2","1","0","Hiihto on kesäurheilulaji.","0","2","888","NA","NA","506745","NA","NA","504838","3"
"PM","c6283574","","NA","M","NA","8","c5283267","2","NA","NA","1904","NA","NA","NA","2","1","0","Hiihto on kesäurheilulaji.","0","2","888","NA","NA","508868","NA","NA","504838","3"
"PM","c6283574","P","NA","","NA","8","c5283267","2","NA","NA","1904","NA","NA","NA","2","1","0","Hiihto on kesäurheilulaji.","0","3","888","NA","NA","510735","NA","NA","504838","3"
"PM","c6283574","PM","NA","","NA","8","c5283267","2","NA","NA","1904","NA","NA","NA","2","1","0","Hiihto on kesäurheilulaji.","0","3","888","NA","NA","511263","NA","NA","504838","3"
"PM","c6283574","PM","NA","","NA","8","c5283267","2","NA","NA","1904","NA","NA","NA","2","1","0","Hiihto on kesäurheilulaji.","0","3","888","NA","NA","512235","NA","NA","504838","3"
"PM","c6283574","PM","NA","","NA","8","c5283267","2","NA","NA","1904","NA","NA","NA","2","1","0","Hiihto on kesäurheilulaji.","0","3","888","NA","NA","512239","NA","NA","504838","3"
"VS","c6283574","","NA","V","NA","8","c5283267","1","NA","NA","1977","NA","NA","NA","2","2","0","Ahvenet ovat kaloja.","1","1","888","NA","NA","514340","NA","NA","512361","3"
"VS","c6283574","","NA","V","NA","8","c5283267","1","NA","NA","1977","NA","NA","NA","2","2","0","Ahvenet ovat kaloja.","1","1","888","NA","NA","516451","NA","NA","512361","3"
"VS","c6283574","","NA","S","NA","8","c5283267","1","NA","NA","2579","NA","NA","NA","2","2","0","Kynttilän voi sytyttää tulitikulla.","1","2","888","NA","NA","519171","NA","NA","516590","3"
"VS","c6283574","","NA","S","NA","8","c5283267","1","NA","NA","2579","NA","NA","NA","2","2","0","Kynttilän voi sytyttää tulitikulla.","1","2","888","NA","NA","521290","NA","NA","516590","3"
"VS","c6283574","V","NA","","NA","8","c5283267","1","NA","NA","2579","NA","NA","NA","2","2","0","Kynttilän voi sytyttää tulitikulla.","1","3","888","NA","NA","522966","NA","NA","516590","3"
"VS","c6283574","VS","NA","","NA","8","c5283267","1","NA","NA","2579","NA","NA","NA","2","2","0","Kynttilän voi sytyttää tulitikulla.","1","3","888","NA","NA","523400","NA","NA","516590","3"
"VS","c6283574","VS","NA","","NA","8","c5283267","1","NA","NA","2579","NA","NA","NA","2","2","0","Kynttilän voi sytyttää tulitikulla.","1","3","888","NA","NA","524399","NA","NA","516590","3"
"VS","c6283574","VS","NA","","NA","8","c5283267","1","NA","NA","2579","NA","NA","NA","2","2","0","Kynttilän voi sytyttää tulitikulla.","1","3","888","NA","NA","524403","NA","NA","516590","3"
"RK","c6283574","","NA","R","NA","8","c5283267","1","NA","NA","2381","NA","NA","NA","2","3","0","Lehmät asuvat navetassa.","1","1","888","NA","NA","526919","NA","NA","524535","3"
"RK","c6283574","","NA","R","NA","8","c5283267","1","NA","NA","2381","NA","NA","NA","2","3","0","Lehmät asuvat navetassa.","1","1","888","NA","NA","529038","NA","NA","524535","3"
"RK","c6283574","","NA","K","NA","8","c5283267","1","NA","NA","1881","NA","NA","NA","2","3","0","Legot ovat rakennuspalikoita.","1","2","888","NA","NA","531034","NA","NA","529149","3"
"RK","c6283574","","NA","K","NA","8","c5283267","1","NA","NA","1881","NA","NA","NA","2","3","0","Legot ovat rakennuspalikoita.","1","2","888","NA","NA","533154","NA","NA","529149","3"
"RK","c6283574","R","NA","","NA","8","c5283267","1","NA","NA","1881","NA","NA","NA","2","3","0","Legot ovat rakennuspalikoita.","1","3","888","NA","NA","535952","NA","NA","529149","3"
"RK","c6283574","RK","NA","","NA","8","c5283267","1","NA","NA","1881","NA","NA","NA","2","3","0","Legot ovat rakennuspalikoita.","1","3","888","NA","NA","536625","NA","NA","529149","3"
"RK","c6283574","RK","NA","","NA","8","c5283267","1","NA","NA","1881","NA","NA","NA","2","3","0","Legot ovat rakennuspalikoita.","1","3","888","NA","NA","537515","NA","NA","529149","3"
"RK","c6283574","RK","NA","","NA","8","c5283267","1","NA","NA","1881","NA","NA","NA","2","3","0","Legot ovat rakennuspalikoita.","1","3","888","NA","NA","537519","NA","NA","529149","3"
"HVM","c6283574","","NA","H","NA","8","c5283267","2","NA","NA","2433","NA","NA","NA","3","1","0","Pyyhkeellä keitetään perunoita.","0","1","888","NA","NA","540094","NA","NA","537659","3"
"HVM","c6283574","","NA","H","NA","8","c5283267","2","NA","NA","2433","NA","NA","NA","3","1","0","Pyyhkeellä keitetään perunoita.","0","1","888","NA","NA","542218","NA","NA","537659","3"
"HVM","c6283574","","NA","V","NA","8","c5283267","2","NA","NA","5617","NA","NA","NA","3","1","0","Noppaa heitetään nenällä.","0","2","888","NA","NA","548004","NA","NA","542384","3"
"HVM","c6283574","","NA","V","NA","8","c5283267","2","NA","NA","5617","NA","NA","NA","3","1","0","Noppaa heitetään nenällä.","0","2","888","NA","NA","550127","NA","NA","542384","3"
"HVM","c6283574","","NA","M","NA","8","c5283267","1","NA","NA","2955","NA","NA","NA","3","1","0","Syksyllä lehdet putoavat puista.","1","3","888","NA","NA","553232","NA","NA","550275","3"
"HVM","c6283574","","NA","M","NA","8","c5283267","1","NA","NA","2955","NA","NA","NA","3","1","0","Syksyllä lehdet putoavat puista.","1","3","888","NA","NA","555367","NA","NA","550275","3"
"HVM","c6283574","H","NA","","NA","8","c5283267","1","NA","NA","2955","NA","NA","NA","3","1","0","Syksyllä lehdet putoavat puista.","1","4","888","NA","NA","557016","NA","NA","550275","3"
"HVM","c6283574","HV","NA","","NA","8","c5283267","1","NA","NA","2955","NA","NA","NA","3","1","0","Syksyllä lehdet putoavat puista.","1","4","888","NA","NA","558387","NA","NA","550275","3"
"HVM","c6283574","HVM","NA","","NA","8","c5283267","1","NA","NA","2955","NA","NA","NA","3","1","0","Syksyllä lehdet putoavat puista.","1","4","888","NA","NA","559171","NA","NA","550275","3"
"HVM","c6283574","HVM","NA","","NA","8","c5283267","1","NA","NA","2955","NA","NA","NA","3","1","0","Syksyllä lehdet putoavat puista.","1","4","888","NA","NA","560336","NA","NA","550275","3"
"HVM","c6283574","HVM","NA","","NA","8","c5283267","1","NA","NA","2955","NA","NA","NA","3","1","0","Syksyllä lehdet putoavat puista.","1","4","888","NA","NA","560340","NA","NA","550275","3"
"RHJ","c6283574","","NA","R","NA","8","c5283267","1","NA","NA","1625","NA","NA","NA","3","2","0","Käyrätorvi on soitin.","1","1","888","NA","NA","562093","NA","NA","560466","3"
"RHJ","c6283574","","NA","R","NA","8","c5283267","1","NA","NA","1625","NA","NA","NA","3","2","0","Käyrätorvi on soitin.","1","1","888","NA","NA","564207","NA","NA","560466","3"
"RHJ","c6283574","","NA","H","NA","8","c5283267","1","NA","NA","1674","NA","NA","NA","3","2","0","Sanomalehdessä on uutisia.","1","2","888","NA","NA","566015","NA","NA","564339","3"
"RHJ","c6283574","","NA","H","NA","8","c5283267","1","NA","NA","1674","NA","NA","NA","3","2","0","Sanomalehdessä on uutisia.","1","2","888","NA","NA","568124","NA","NA","564339","3"
"RHJ","c6283574","","NA","J","NA","8","c5283267","1","NA","NA","3534","NA","NA","NA","3","2","0","Parkkipaikka on ajoneuvoja varten.","1","3","888","NA","NA","571785","NA","NA","568249","3"
"RHJ","c6283574","","NA","J","NA","8","c5283267","1","NA","NA","3534","NA","NA","NA","3","2","0","Parkkipaikka on ajoneuvoja varten.","1","3","888","NA","NA","573900","NA","NA","568249","3"
"RHJ","c6283574","R","NA","","NA","8","c5283267","1","NA","NA","3534","NA","NA","NA","3","2","0","Parkkipaikka on ajoneuvoja varten.","1","4","888","NA","NA","576425","NA","NA","568249","3"
"RHJ","c6283574","RH","NA","","NA","8","c5283267","1","NA","NA","3534","NA","NA","NA","3","2","0","Parkkipaikka on ajoneuvoja varten.","1","4","888","NA","NA","577516","NA","NA","568249","3"
"RHJ","c6283574","RHJ","NA","","NA","8","c5283267","1","NA","NA","3534","NA","NA","NA","3","2","0","Parkkipaikka on ajoneuvoja varten.","1","4","888","NA","NA","578027","NA","NA","568249","3"
"RHJ","c6283574","RHJ","NA","","NA","8","c5283267","1","NA","NA","3534","NA","NA","NA","3","2","0","Parkkipaikka on ajoneuvoja varten.","1","4","888","NA","NA","579370","NA","NA","568249","3"
"RHJ","c6283574","RHJ","NA","","NA","8","c5283267","1","NA","NA","3534","NA","NA","NA","3","2","0","Parkkipaikka on ajoneuvoja varten.","1","4","888","NA","NA","579375","NA","NA","568249","3"
"SHL","c6283574","","NA","S","NA","8","c5283267","2","NA","NA","1546","NA","NA","NA","3","3","0","Puuro on ajoneuvo.","0","1","888","NA","NA","581056","NA","NA","579506","3"
"SHL","c6283574","","NA","S","NA","8","c5283267","2","NA","NA","1546","NA","NA","NA","3","3","0","Puuro on ajoneuvo.","0","1","888","NA","NA","583176","NA","NA","579506","3"
"SHL","c6283574","","NA","H","NA","8","c5283267","1","NA","NA","2376","NA","NA","NA","3","3","0","Lanttulaatikko on jouluruoka.","1","2","888","NA","NA","585718","NA","NA","583339","3"
"SHL","c6283574","","NA","H","NA","8","c5283267","1","NA","NA","2376","NA","NA","NA","3","3","0","Lanttulaatikko on jouluruoka.","1","2","888","NA","NA","587828","NA","NA","583339","3"
"SHL","c6283574","","NA","L","NA","8","c5283267","2","NA","NA","2206","NA","NA","NA","3","3","0","Makaroni on juoma.","0","3","888","NA","NA","590150","NA","NA","587942","3"
"SHL","c6283574","","NA","L","NA","8","c5283267","2","NA","NA","2206","NA","NA","NA","3","3","0","Makaroni on juoma.","0","3","888","NA","NA","592263","NA","NA","587942","3"
"SHL","c6283574","S","NA","","NA","8","c5283267","2","NA","NA","2206","NA","NA","NA","3","3","0","Makaroni on juoma.","0","4","888","NA","NA","594504","NA","NA","587942","3"
"SHL","c6283574","SH","NA","","NA","8","c5283267","2","NA","NA","2206","NA","NA","NA","3","3","0","Makaroni on juoma.","0","4","888","NA","NA","595665","NA","NA","587942","3"
"SHL","c6283574","SHL","NA","","NA","8","c5283267","2","NA","NA","2206","NA","NA","NA","3","3","0","Makaroni on juoma.","0","4","888","NA","NA","596469","NA","NA","587942","3"
"SHL","c6283574","SHL","NA","","NA","8","c5283267","2","NA","NA","2206","NA","NA","NA","3","3","0","Makaroni on juoma.","0","4","888","NA","NA","597652","NA","NA","587942","3"
"SHL","c6283574","SHL","NA","","NA","8","c5283267","2","NA","NA","2206","NA","NA","NA","3","3","0","Makaroni on juoma.","0","4","888","NA","NA","597657","NA","NA","587942","3"
"HKSR","c6283574","","NA","H","NA","8","c5283267","2","NA","NA","3668","NA","NA","NA","4","1","0","Oulu on maa Aasiassa.","0","1","888","NA","NA","601469","NA","NA","597798","3"
"HKSR","c6283574","","NA","H","NA","8","c5283267","2","NA","NA","3668","NA","NA","NA","4","1","0","Oulu on maa Aasiassa.","0","1","888","NA","NA","603596","NA","NA","597798","3"
"HKSR","c6283574","","NA","K","NA","8","c5283267","2","NA","NA","3766","NA","NA","NA","4","1","0","Auringosta sataa vettä.","0","2","888","NA","NA","607505","NA","NA","603736","3"
"HKSR","c6283574","","NA","K","NA","8","c5283267","2","NA","NA","3766","NA","NA","NA","4","1","0","Auringosta sataa vettä.","0","2","888","NA","NA","609616","NA","NA","603736","3"
"HKSR","c6283574","","NA","S","NA","8","c5283267","2","NA","NA","3136","NA","NA","NA","4","1","0","Kirjastosta vuokrataan hevosia.","0","3","888","NA","NA","612882","NA","NA","609743","3"
"HKSR","c6283574","","NA","S","NA","8","c5283267","2","NA","NA","3136","NA","NA","NA","4","1","0","Kirjastosta vuokrataan hevosia.","0","3","888","NA","NA","615046","NA","NA","609743","3"
"HKSR","c6283574","","NA","R","NA","8","c5283267","1","NA","NA","2629","NA","NA","NA","4","1","0","Vasara on työkalu.","1","4","888","NA","NA","617814","NA","NA","615183","3"
"HKSR","c6283574","","NA","R","NA","8","c5283267","1","NA","NA","2629","NA","NA","NA","4","1","0","Vasara on työkalu.","1","4","888","NA","NA","619924","NA","NA","615183","3"
"HKSR","c6283574","H","NA","","NA","8","c5283267","1","NA","NA","2629","NA","NA","NA","4","1","0","Vasara on työkalu.","1","5","888","NA","NA","623366","NA","NA","615183","3"
"HKSR","c6283574","HK","NA","","NA","8","c5283267","1","NA","NA","2629","NA","NA","NA","4","1","0","Vasara on työkalu.","1","5","888","NA","NA","624218","NA","NA","615183","3"
"HKSR","c6283574","HKS","NA","","NA","8","c5283267","1","NA","NA","2629","NA","NA","NA","4","1","0","Vasara on työkalu.","1","5","888","NA","NA","625284","NA","NA","615183","3"
"HKSR","c6283574","HKSL","NA","","NA","8","c5283267","1","NA","NA","2629","NA","NA","NA","4","1","0","Vasara on työkalu.","1","5","888","NA","NA","625737","NA","NA","615183","3"
"HKSR","c6283574","HKSL","NA","","NA","8","c5283267","1","NA","NA","2629","NA","NA","NA","4","1","0","Vasara on työkalu.","1","5","888","NA","NA","629123","NA","NA","615183","3"
"HKSR","c6283574","HKSL","NA","","NA","8","c5283267","1","NA","NA","2629","NA","NA","NA","4","1","1","Vasara on työkalu.","1","5","888","NA","NA","629128","NA","NA","615183","3"
"LVJS","c6283574","","NA","L","NA","8","c5283267","2","NA","NA","2050","NA","NA","NA","4","2","1","Pallo on neliskulmainen.","0","1","888","NA","NA","631309","NA","NA","629255","3"
"LVJS","c6283574","","NA","L","NA","8","c5283267","2","NA","NA","2050","NA","NA","NA","4","2","1","Pallo on neliskulmainen.","0","1","888","NA","NA","633427","NA","NA","629255","3"
"LVJS","c6283574","","NA","V","NA","8","c5283267","1","NA","NA","2585","NA","NA","NA","4","2","1","Lumi sataa taivaalta.","1","2","888","NA","NA","636131","NA","NA","633544","3"
"LVJS","c6283574","","NA","V","NA","8","c5283267","1","NA","NA","2585","NA","NA","NA","4","2","1","Lumi sataa taivaalta.","1","2","888","NA","NA","638240","NA","NA","633544","3"
"LVJS","c6283574","","NA","J","NA","8","c5283267","2","NA","NA","2292","NA","NA","NA","4","2","1","Karkki on vihannes.","0","3","888","NA","NA","640679","NA","NA","638383","3"
"LVJS","c6283574","","NA","J","NA","8","c5283267","2","NA","NA","2292","NA","NA","NA","4","2","1","Karkki on vihannes.","0","3","888","NA","NA","642787","NA","NA","638383","3"
"LVJS","c6283574","","NA","S","NA","8","c5283267","1","NA","NA","4087","NA","NA","NA","4","2","1","Kissanpentu on emoaan nuorempi.","1","4","888","NA","NA","647024","NA","NA","642934","3"
"LVJS","c6283574","","NA","S","NA","8","c5283267","1","NA","NA","4087","NA","NA","NA","4","2","1","Kissanpentu on emoaan nuorempi.","1","4","888","NA","NA","649140","NA","NA","642934","3"
"LVJS","c6283574","H","NA","","NA","8","c5283267","1","NA","NA","4087","NA","NA","NA","4","2","1","Kissanpentu on emoaan nuorempi.","1","5","888","NA","NA","652916","NA","NA","642934","3"
"LVJS","c6283574","HL","NA","","NA","8","c5283267","1","NA","NA","4087","NA","NA","NA","4","2","1","Kissanpentu on emoaan nuorempi.","1","5","888","NA","NA","653807","NA","NA","642934","3"
"LVJS","c6283574","HLV","NA","","NA","8","c5283267","1","NA","NA","4087","NA","NA","NA","4","2","1","Kissanpentu on emoaan nuorempi.","1","5","888","NA","NA","654370","NA","NA","642934","3"
"LVJS","c6283574","HLVS","NA","","NA","8","c5283267","1","NA","NA","4087","NA","NA","NA","4","2","1","Kissanpentu on emoaan nuorempi.","1","5","888","NA","NA","654719","NA","NA","642934","3"
"LVJS","c6283574","HLVS","NA","","NA","8","c5283267","1","NA","NA","4087","NA","NA","NA","4","2","1","Kissanpentu on emoaan nuorempi.","1","5","888","NA","NA","655693","NA","NA","642934","3"
"LVJS","c6283574","HLVS","NA","","NA","8","c5283267","1","NA","NA","4087","NA","NA","NA","4","2","2","Kissanpentu on emoaan nuorempi.","1","5","888","NA","NA","655697","NA","NA","642934","3"
"HPVM","c6283574","","NA","H","NA","8","c5283267","1","NA","NA","2151","NA","NA","NA","4","3","2","Vadelmat kasvavat pensaassa.","1","1","888","NA","NA","657971","NA","NA","655818","3"
"HPVM","c6283574","","NA","H","NA","8","c5283267","1","NA","NA","2151","NA","NA","NA","4","3","2","Vadelmat kasvavat pensaassa.","1","1","888","NA","NA","660077","NA","NA","655818","3"
"HPVM","c6283574","","NA","P","NA","8","c5283267","2","NA","NA","2955","NA","NA","NA","4","3","2","Jalkapallossa käytetään mailaa.","0","2","888","NA","NA","663151","NA","NA","660192","3"
"HPVM","c6283574","","NA","P","NA","8","c5283267","2","NA","NA","2955","NA","NA","NA","4","3","2","Jalkapallossa käytetään mailaa.","0","2","888","NA","NA","665270","NA","NA","660192","3"
"HPVM","c6283574","","NA","V","NA","8","c5283267","2","NA","NA","2923","NA","NA","NA","4","3","2","Järvessä on suolaista vettä.","1","3","888","NA","NA","668433","NA","NA","665507","3"
"HPVM","c6283574","","NA","V","NA","8","c5283267","2","NA","NA","2923","NA","NA","NA","4","3","2","Järvessä on suolaista vettä.","1","3","888","NA","NA","670543","NA","NA","665507","3"
"HPVM","c6283574","","NA","M","NA","8","c5283267","1","NA","NA","1720","NA","NA","NA","4","3","2","Koulussa opitaan asioita.","1","4","888","NA","NA","672407","NA","NA","670684","3"
"HPVM","c6283574","","NA","M","NA","8","c5283267","1","NA","NA","1720","NA","NA","NA","4","3","2","Koulussa opitaan asioita.","1","4","888","NA","NA","674527","NA","NA","670684","3"
"HPVM","c6283574","H","NA","","NA","8","c5283267","1","NA","NA","1720","NA","NA","NA","4","3","2","Koulussa opitaan asioita.","1","5","888","NA","NA","676095","NA","NA","670684","3"
"HPVM","c6283574","HP","NA","","NA","8","c5283267","1","NA","NA","1720","NA","NA","NA","4","3","2","Koulussa opitaan asioita.","1","5","888","NA","NA","677677","NA","NA","670684","3"
"HPVM","c6283574","HPV","NA","","NA","8","c5283267","1","NA","NA","1720","NA","NA","NA","4","3","2","Koulussa opitaan asioita.","1","5","888","NA","NA","678755","NA","NA","670684","3"
"HPVM","c6283574","HPVM","NA","","NA","8","c5283267","1","NA","NA","1720","NA","NA","NA","4","3","2","Koulussa opitaan asioita.","1","5","888","NA","NA","679922","NA","NA","670684","3"
"HPVM","c6283574","HPVM","NA","","NA","8","c5283267","1","NA","NA","1720","NA","NA","NA","4","3","2","Koulussa opitaan asioita.","1","5","888","NA","NA","680875","NA","NA","670684","3"
"HPVM","c6283574","HPVM","NA","","NA","8","c5283267","1","NA","NA","1720","NA","NA","NA","4","3","2","Koulussa opitaan asioita.","1","5","888","NA","NA","680879","NA","NA","670684","3"
"KVJSL","c6283574","","NA","K","NA","8","c5283267","2","NA","NA","6834","NA","NA","NA","5","1","0","Jälkiruoka syödään ennen aamiaista.","0","1","888","NA","NA","687861","NA","NA","681025","3"
"KVJSL","c6283574","","NA","K","NA","8","c5283267","2","NA","NA","6834","NA","NA","NA","5","1","0","Jälkiruoka syödään ennen aamiaista.","0","1","888","NA","NA","689977","NA","NA","681025","3"
"KVJSL","c6283574","","NA","V","NA","8","c5283267","2","NA","NA","3300","NA","NA","NA","5","1","0","Läksy on hiuksiin laitettava koriste.","0","2","888","NA","NA","693407","NA","NA","690105","3"
"KVJSL","c6283574","","NA","V","NA","8","c5283267","2","NA","NA","3300","NA","NA","NA","5","1","0","Läksy on hiuksiin laitettava koriste.","0","2","888","NA","NA","695530","NA","NA","690105","3"
"KVJSL","c6283574","","NA","J","NA","8","c5283267","1","NA","NA","3924","NA","NA","NA","5","1","0","Tarrassa on tarttuva pinta.","1","3","888","NA","NA","699576","NA","NA","695650","3"
"KVJSL","c6283574","","NA","J","NA","8","c5283267","1","NA","NA","3924","NA","NA","NA","5","1","0","Tarrassa on tarttuva pinta.","1","3","888","NA","NA","701698","NA","NA","695650","3"
"KVJSL","c6283574","","NA","S","NA","8","c5283267","2","NA","NA","2761","NA","NA","NA","5","1","0","Ampiaisella voi ratsastaa.","0","4","888","NA","NA","704596","NA","NA","701832","3"
"KVJSL","c6283574","","NA","S","NA","8","c5283267","2","NA","NA","2761","NA","NA","NA","5","1","0","Ampiaisella voi ratsastaa.","0","4","888","NA","NA","706717","NA","NA","701832","3"
"KVJSL","c6283574","","NA","L","NA","8","c5283267","2","NA","NA","2696","NA","NA","NA","5","1","0","Omenat kasvavat maan alla.","0","5","888","NA","NA","709602","NA","NA","706903","3"
"KVJSL","c6283574","","NA","L","NA","8","c5283267","2","NA","NA","2696","NA","NA","NA","5","1","0","Omenat kasvavat maan alla.","0","5","888","NA","NA","711716","NA","NA","706903","3"
"KVJSL","c6283574","K","NA","","NA","8","c5283267","2","NA","NA","2696","NA","NA","NA","5","1","0","Omenat kasvavat maan alla.","0","6","888","NA","NA","713515","NA","NA","706903","3"
"KVJSL","c6283574","KV","NA","","NA","8","c5283267","2","NA","NA","2696","NA","NA","NA","5","1","0","Omenat kasvavat maan alla.","0","6","888","NA","NA","714300","NA","NA","706903","3"
"KVJSL","c6283574","KVJ","NA","","NA","8","c5283267","2","NA","NA","2696","NA","NA","NA","5","1","0","Omenat kasvavat maan alla.","0","6","888","NA","NA","715370","NA","NA","706903","3"
"KVJSL","c6283574","KVJS","NA","","NA","8","c5283267","2","NA","NA","2696","NA","NA","NA","5","1","0","Omenat kasvavat maan alla.","0","6","888","NA","NA","716432","NA","NA","706903","3"
"KVJSL","c6283574","KVJSL","NA","","NA","8","c5283267","2","NA","NA","2696","NA","NA","NA","5","1","0","Omenat kasvavat maan alla.","0","6","888","NA","NA","717228","NA","NA","706903","3"
"KVJSL","c6283574","KVJSL","NA","","NA","8","c5283267","2","NA","NA","2696","NA","NA","NA","5","1","0","Omenat kasvavat maan alla.","0","6","888","NA","NA","718203","NA","NA","706903","3"
"KVJSL","c6283574","KVJSL","NA","","NA","8","c5283267","2","NA","NA","2696","NA","NA","NA","5","1","0","Omenat kasvavat maan alla.","0","6","888","NA","NA","718207","NA","NA","706903","3"
"KHPRL","c6283574","","NA","K","NA","8","c5283267","2","NA","NA","2426","NA","NA","NA","5","2","0","Sählymailalla ajetaan autoa.","0","1","888","NA","NA","720760","NA","NA","718331","3"
"KHPRL","c6283574","","NA","K","NA","8","c5283267","2","NA","NA","2426","NA","NA","NA","5","2","0","Sählymailalla ajetaan autoa.","0","1","888","NA","NA","722873","NA","NA","718331","3"
"KHPRL","c6283574","","NA","H","NA","8","c5283267","2","NA","NA","2311","NA","NA","NA","5","2","0","Silitysrauta on aina kylmä.","0","2","888","NA","NA","725353","NA","NA","723037","3"
"KHPRL","c6283574","","NA","H","NA","8","c5283267","2","NA","NA","2311","NA","NA","NA","5","2","0","Silitysrauta on aina kylmä.","0","2","888","NA","NA","727467","NA","NA","723037","3"
"KHPRL","c6283574","","NA","P","NA","8","c5283267","1","NA","NA","1952","NA","NA","NA","5","2","0","Hyttyset pitävät pientä ääntä.","1","3","888","NA","NA","729561","NA","NA","727606","3"
"KHPRL","c6283574","","NA","P","NA","8","c5283267","1","NA","NA","1952","NA","NA","NA","5","2","0","Hyttyset pitävät pientä ääntä.","1","3","888","NA","NA","731678","NA","NA","727606","3"
"KHPRL","c6283574","","NA","R","NA","8","c5283267","1","NA","NA","2583","NA","NA","NA","5","2","0","Ruokakaupasta voi ostaa maitoa.","1","4","888","NA","NA","734422","NA","NA","731835","3"
"KHPRL","c6283574","","NA","R","NA","8","c5283267","1","NA","NA","2583","NA","NA","NA","5","2","0","Ruokakaupasta voi ostaa maitoa.","1","4","888","NA","NA","736536","NA","NA","731835","3"
"KHPRL","c6283574","","NA","L","NA","8","c5283267","1","NA","NA","2256","NA","NA","NA","5","2","0","Pääsiäismuna on tehty suklaasta.","1","5","888","NA","NA","738955","NA","NA","736696","3"
"KHPRL","c6283574","","NA","L","NA","8","c5283267","1","NA","NA","2256","NA","NA","NA","5","2","0","Pääsiäismuna on tehty suklaasta.","1","5","888","NA","NA","741088","NA","NA","736696","3"
"KHPRL","c6283574","K","NA","","NA","8","c5283267","1","NA","NA","2256","NA","NA","NA","5","2","0","Pääsiäismuna on tehty suklaasta.","1","6","888","NA","NA","743558","NA","NA","736696","3"
"KHPRL","c6283574","KH","NA","","NA","8","c5283267","1","NA","NA","2256","NA","NA","NA","5","2","0","Pääsiäismuna on tehty suklaasta.","1","6","888","NA","NA","744097","NA","NA","736696","3"
"KHPRL","c6283574","KHP","NA","","NA","8","c5283267","1","NA","NA","2256","NA","NA","NA","5","2","0","Pääsiäismuna on tehty suklaasta.","1","6","888","NA","NA","745638","NA","NA","736696","3"
"KHPRL","c6283574","KHPL","NA","","NA","8","c5283267","1","NA","NA","2256","NA","NA","NA","5","2","0","Pääsiäismuna on tehty suklaasta.","1","6","888","NA","NA","746535","NA","NA","736696","3"
"KHPRL","c6283574","KHPLR","NA","","NA","8","c5283267","1","NA","NA","2256","NA","NA","NA","5","2","0","Pääsiäismuna on tehty suklaasta.","1","6","888","NA","NA","747541","NA","NA","736696","3"
"KHPRL","c6283574","KHPLR","NA","","NA","8","c5283267","1","NA","NA","2256","NA","NA","NA","5","2","0","Pääsiäismuna on tehty suklaasta.","1","6","888","NA","NA","748426","NA","NA","736696","3"
"KHPRL","c6283574","KHPLR","NA","","NA","8","c5283267","1","NA","NA","2256","NA","NA","NA","5","2","1","Pääsiäismuna on tehty suklaasta.","1","6","888","NA","NA","748433","NA","NA","736696","3"
"VMHLS","c6283574","","NA","V","NA","8","c5283267","1","NA","NA","1504","NA","NA","NA","5","3","1","Hanhet ovat lintuja.","1","1","888","NA","NA","750089","NA","NA","748583","3"
"VMHLS","c6283574","","NA","V","NA","8","c5283267","1","NA","NA","1504","NA","NA","NA","5","3","1","Hanhet ovat lintuja.","1","1","888","NA","NA","752211","NA","NA","748583","3"
"VMHLS","c6283574","","NA","M","NA","8","c5283267","2","NA","NA","1813","NA","NA","NA","5","3","1","Jäätelöä säilytetään lämpimässä.","0","2","888","NA","NA","754185","NA","NA","752370","3"
"VMHLS","c6283574","","NA","M","NA","8","c5283267","2","NA","NA","1813","NA","NA","NA","5","3","1","Jäätelöä säilytetään lämpimässä.","0","2","888","NA","NA","756296","NA","NA","752370","3"
"VMHLS","c6283574","","NA","H","NA","8","c5283267","1","NA","NA","1686","NA","NA","NA","5","3","1","Paperille voi kirjoittaa.","1","3","888","NA","NA","758120","NA","NA","756432","3"
"VMHLS","c6283574","","NA","H","NA","8","c5283267","1","NA","NA","1686","NA","NA","NA","5","3","1","Paperille voi kirjoittaa.","1","3","888","NA","NA","760231","NA","NA","756432","3"
"VMHLS","c6283574","","NA","L","NA","8","c5283267","1","NA","NA","2164","NA","NA","NA","5","3","1","Porkkanat kasvavat kasvimaalla.","1","4","888","NA","NA","762525","NA","NA","760359","3"
"VMHLS","c6283574","","NA","L","NA","8","c5283267","1","NA","NA","2164","NA","NA","NA","5","3","1","Porkkanat kasvavat kasvimaalla.","1","4","888","NA","NA","764648","NA","NA","760359","3"
"VMHLS","c6283574","","NA","S","NA","8","c5283267","1","NA","NA","1496","NA","NA","NA","5","3","1","Lehmiä voidaan lypsää.","1","5","888","NA","NA","766314","NA","NA","764816","3"
"VMHLS","c6283574","","NA","S","NA","8","c5283267","1","NA","NA","1496","NA","NA","NA","5","3","1","Lehmiä voidaan lypsää.","1","5","888","NA","NA","768447","NA","NA","764816","3"
"VMHLS","c6283574","V","NA","","NA","8","c5283267","1","NA","NA","1496","NA","NA","NA","5","3","1","Lehmiä voidaan lypsää.","1","6","888","NA","NA","771356","NA","NA","764816","3"
"VMHLS","c6283574","VM","NA","","NA","8","c5283267","1","NA","NA","1496","NA","NA","NA","5","3","1","Lehmiä voidaan lypsää.","1","6","888","NA","NA","772317","NA","NA","764816","3"
"VMHLS","c6283574","VMH","NA","","NA","8","c5283267","1","NA","NA","1496","NA","NA","NA","5","3","1","Lehmiä voidaan lypsää.","1","6","888","NA","NA","772987","NA","NA","764816","3"
"VMHLS","c6283574","VMHL","NA","","NA","8","c5283267","1","NA","NA","1496","NA","NA","NA","5","3","1","Lehmiä voidaan lypsää.","1","6","888","NA","NA","773960","NA","NA","764816","3"
"VMHLS","c6283574","VMHL","NA","","NA","8","c5283267","1","NA","NA","1496","NA","NA","NA","5","3","1","Lehmiä voidaan lypsää.","1","6","888","NA","NA","777130","NA","NA","764816","3"
"VMHLS","c6283574","VMHL","NA","","NA","8","c5283267","1","NA","NA","1496","NA","NA","NA","5","3","2","Lehmiä voidaan lypsää.","1","6","888","NA","NA","777135","NA","NA","764816","3"
"LJSVHM","c6283574","","NA","L","NA","8","c5283267","2","NA","NA","5770","NA","NA","NA","6","1","0","Uimalasit suojaavat korvia.","0","1","888","NA","NA","783058","NA","NA","777285","3"
"LJSVHM","c6283574","","NA","L","NA","8","c5283267","2","NA","NA","5770","NA","NA","NA","6","1","0","Uimalasit suojaavat korvia.","0","1","888","NA","NA","785175","NA","NA","777285","3"
"LJSVHM","c6283574","","NA","J","NA","8","c5283267","1","NA","NA","2618","NA","NA","NA","6","1","0","Villasukat puetaan jalkaan.","1","2","888","NA","NA","787955","NA","NA","785334","3"
"LJSVHM","c6283574","","NA","J","NA","8","c5283267","1","NA","NA","2618","NA","NA","NA","6","1","0","Villasukat puetaan jalkaan.","1","2","888","NA","NA","790063","NA","NA","785334","3"
"LJSVHM","c6283574","","NA","S","NA","8","c5283267","1","NA","NA","1448","NA","NA","NA","6","1","0","Nuohoojat puhdistavat savupiippuja.","1","3","888","NA","NA","791687","NA","NA","790236","3"
"LJSVHM","c6283574","","NA","S","NA","8","c5283267","1","NA","NA","1448","NA","NA","NA","6","1","0","Nuohoojat puhdistavat savupiippuja.","1","3","888","NA","NA","793803","NA","NA","790236","3"
"LJSVHM","c6283574","","NA","V","NA","8","c5283267","2","NA","NA","1671","NA","NA","NA","6","1","0","Radiosta katsellaan elokuvia.","0","4","888","NA","NA","795649","NA","NA","793976","3"
"LJSVHM","c6283574","","NA","V","NA","8","c5283267","2","NA","NA","1671","NA","NA","NA","6","1","0","Radiosta katsellaan elokuvia.","0","4","888","NA","NA","797758","NA","NA","793976","3"
"LJSVHM","c6283574","","NA","H","NA","8","c5283267","2","NA","NA","5267","NA","NA","NA","6","1","0","Aurinko sijaitsee avaruudessa.","1","5","888","NA","NA","803190","NA","NA","797919","3"
"LJSVHM","c6283574","","NA","H","NA","8","c5283267","2","NA","NA","5267","NA","NA","NA","6","1","0","Aurinko sijaitsee avaruudessa.","1","5","888","NA","NA","805305","NA","NA","797919","3"
"LJSVHM","c6283574","","NA","M","NA","8","c5283267","2","NA","NA","3860","NA","NA","NA","6","1","0","Kitarassa on koskettimet.","0","6","888","NA","NA","809299","NA","NA","805436","3"
"LJSVHM","c6283574","","NA","M","NA","8","c5283267","2","NA","NA","3860","NA","NA","NA","6","1","0","Kitarassa on koskettimet.","0","6","888","NA","NA","811407","NA","NA","805436","3"
"LJSVHM","c6283574","L","NA","","NA","8","c5283267","2","NA","NA","3860","NA","NA","NA","6","1","0","Kitarassa on koskettimet.","0","7","888","NA","NA","813291","NA","NA","805436","3"
"LJSVHM","c6283574","LV","NA","","NA","8","c5283267","2","NA","NA","3860","NA","NA","NA","6","1","0","Kitarassa on koskettimet.","0","7","888","NA","NA","814921","NA","NA","805436","3"
"LJSVHM","c6283574","LVJ","NA","","NA","8","c5283267","2","NA","NA","3860","NA","NA","NA","6","1","0","Kitarassa on koskettimet.","0","7","888","NA","NA","815799","NA","NA","805436","3"
"LJSVHM","c6283574","LVJH","NA","","NA","8","c5283267","2","NA","NA","3860","NA","NA","NA","6","1","0","Kitarassa on koskettimet.","0","7","888","NA","NA","816328","NA","NA","805436","3"
"LJSVHM","c6283574","LVJHS","NA","","NA","8","c5283267","2","NA","NA","3860","NA","NA","NA","6","1","0","Kitarassa on koskettimet.","0","7","888","NA","NA","817224","NA","NA","805436","3"
"LJSVHM","c6283574","LVJHS","NA","","NA","8","c5283267","2","NA","NA","3860","NA","NA","NA","6","1","0","Kitarassa on koskettimet.","0","7","888","NA","NA","818507","NA","NA","805436","3"
"LJSVHM","c6283574","LVJHS","NA","","NA","8","c5283267","2","NA","NA","3860","NA","NA","NA","6","1","1","Kitarassa on koskettimet.","0","7","888","NA","NA","818511","NA","NA","805436","3"
"JSMRLV","c6283574","","NA","J","NA","8","c5283267","2","NA","NA","2859","NA","NA","NA","6","2","1","Saunasta lainataan kirjoja.","0","1","888","NA","NA","821492","NA","NA","818632","3"
"JSMRLV","c6283574","","NA","J","NA","8","c5283267","2","NA","NA","2859","NA","NA","NA","6","2","1","Saunasta lainataan kirjoja.","0","1","888","NA","NA","823599","NA","NA","818632","3"
"JSMRLV","c6283574","","NA","S","NA","8","c5283267","1","NA","NA","2928","NA","NA","NA","6","2","1","Tunti on pidempi kuin minuutti.","1","2","888","NA","NA","826670","NA","NA","823740","3"
"JSMRLV","c6283574","","NA","S","NA","8","c5283267","1","NA","NA","2928","NA","NA","NA","6","2","1","Tunti on pidempi kuin minuutti.","1","2","888","NA","NA","828791","NA","NA","823740","3"
"JSMRLV","c6283574","","NA","M","NA","8","c5283267","2","NA","NA","1719","NA","NA","NA","6","2","1","Koirat osaavat hirnua.","0","3","888","NA","NA","830622","NA","NA","828901","3"
"JSMRLV","c6283574","","NA","M","NA","8","c5283267","2","NA","NA","1719","NA","NA","NA","6","2","1","Koirat osaavat hirnua.","0","3","888","NA","NA","832743","NA","NA","828901","3"
"JSMRLV","c6283574","","NA","R","NA","8","c5283267","1","NA","NA","1356","NA","NA","NA","6","2","1","Kukat tarvitsevat vettä.","1","4","888","NA","NA","834245","NA","NA","832885","3"
"JSMRLV","c6283574","","NA","R","NA","8","c5283267","1","NA","NA","1356","NA","NA","NA","6","2","1","Kukat tarvitsevat vettä.","1","4","888","NA","NA","836355","NA","NA","832885","3"
"JSMRLV","c6283574","","NA","L","NA","8","c5283267","1","NA","NA","4248","NA","NA","NA","6","2","1","Mansikat ovat kypsänä punaisia.","1","5","888","NA","NA","840747","NA","NA","836496","3"
"JSMRLV","c6283574","","NA","L","NA","8","c5283267","1","NA","NA","4248","NA","NA","NA","6","2","1","Mansikat ovat kypsänä punaisia.","1","5","888","NA","NA","842874","NA","NA","836496","3"
"JSMRLV","c6283574","","NA","V","NA","8","c5283267","2","NA","NA","6623","NA","NA","NA","6","2","1","Käärmeellä on pitkät korvat.","0","6","888","NA","NA","849660","NA","NA","843035","3"
"JSMRLV","c6283574","","NA","V","NA","8","c5283267","2","NA","NA","6623","NA","NA","NA","6","2","1","Käärmeellä on pitkät korvat.","0","6","888","NA","NA","851787","NA","NA","843035","3"
"JSMRLV","c6283574","J","NA","","NA","8","c5283267","2","NA","NA","6623","NA","NA","NA","6","2","1","Käärmeellä on pitkät korvat.","0","7","888","NA","NA","853372","NA","NA","843035","3"
"JSMRLV","c6283574","JS","NA","","NA","8","c5283267","2","NA","NA","6623","NA","NA","NA","6","2","1","Käärmeellä on pitkät korvat.","0","7","888","NA","NA","854528","NA","NA","843035","3"
"JSMRLV","c6283574","JSL","NA","","NA","8","c5283267","2","NA","NA","6623","NA","NA","NA","6","2","1","Käärmeellä on pitkät korvat.","0","7","888","NA","NA","857304","NA","NA","843035","3"
"JSMRLV","c6283574","JSLR","NA","","NA","8","c5283267","2","NA","NA","6623","NA","NA","NA","6","2","1","Käärmeellä on pitkät korvat.","0","7","888","NA","NA","858468","NA","NA","843035","3"
"JSMRLV","c6283574","JSLRM","NA","","NA","8","c5283267","2","NA","NA","6623","NA","NA","NA","6","2","1","Käärmeellä on pitkät korvat.","0","7","888","NA","NA","859307","NA","NA","843035","3"
"JSMRLV","c6283574","JSLRM","NA","","NA","8","c5283267","2","NA","NA","6623","NA","NA","NA","6","2","1","Käärmeellä on pitkät korvat.","0","7","888","NA","NA","860446","NA","NA","843035","3"
"JSMRLV","c6283574","JSLRM","NA","","NA","8","c5283267","2","NA","NA","6623","NA","NA","NA","6","2","2","Käärmeellä on pitkät korvat.","0","7","888","NA","NA","860450","NA","NA","843035","3"
"PRVLSM","c6283574","","NA","P","NA","8","c5283267","2","NA","NA","1560","NA","NA","NA","6","3","2","Koulukirjaa luetaan ylösalaisin.","0","1","888","NA","NA","862140","NA","NA","860578","3"
"PRVLSM","c6283574","","NA","P","NA","8","c5283267","2","NA","NA","1560","NA","NA","NA","6","3","2","Koulukirjaa luetaan ylösalaisin.","0","1","888","NA","NA","864256","NA","NA","860578","3"
"PRVLSM","c6283574","","NA","R","NA","8","c5283267","1","NA","NA","1707","NA","NA","NA","6","3","2","Paloasemalla on paloautoja.","1","2","888","NA","NA","866098","NA","NA","864389","3"
"PRVLSM","c6283574","","NA","R","NA","8","c5283267","1","NA","NA","1707","NA","NA","NA","6","3","2","Paloasemalla on paloautoja.","1","2","888","NA","NA","868206","NA","NA","864389","3"
"PRVLSM","c6283574","","NA","V","NA","8","c5283267","2","NA","NA","2937","NA","NA","NA","6","3","2","Ihmisen luut ovat sinisiä.","0","3","888","NA","NA","871281","NA","NA","868343","3"
"PRVLSM","c6283574","","NA","V","NA","8","c5283267","2","NA","NA","2937","NA","NA","NA","6","3","2","Ihmisen luut ovat sinisiä.","0","3","888","NA","NA","873395","NA","NA","868343","3"
"PRVLSM","c6283574","","NA","L","NA","8","c5283267","1","NA","NA","1679","NA","NA","NA","6","3","2","Löylyä heitetään kiukaalle.","1","4","888","NA","NA","875216","NA","NA","873535","3"
"PRVLSM","c6283574","","NA","L","NA","8","c5283267","1","NA","NA","1679","NA","NA","NA","6","3","2","Löylyä heitetään kiukaalle.","1","4","888","NA","NA","877326","NA","NA","873535","3"
"PRVLSM","c6283574","","NA","S","NA","8","c5283267","2","NA","NA","2230","NA","NA","NA","6","3","2","Imurilla pestään pyykkiä.","0","5","888","NA","NA","879676","NA","NA","877444","3"
"PRVLSM","c6283574","","NA","S","NA","8","c5283267","2","NA","NA","2230","NA","NA","NA","6","3","2","Imurilla pestään pyykkiä.","0","5","888","NA","NA","881801","NA","NA","877444","3"
"PRVLSM","c6283574","","NA","M","NA","8","c5283267","2","NA","NA","2942","NA","NA","NA","6","3","2","Lautaselta syödään patalappuja.","1","6","888","NA","NA","884884","NA","NA","881939","3"
"PRVLSM","c6283574","","NA","M","NA","8","c5283267","2","NA","NA","2942","NA","NA","NA","6","3","2","Lautaselta syödään patalappuja.","1","6","888","NA","NA","887006","NA","NA","881939","3"
"PRVLSM","c6283574","V","NA","","NA","8","c5283267","2","NA","NA","2942","NA","NA","NA","6","3","2","Lautaselta syödään patalappuja.","1","7","888","NA","NA","889125","NA","NA","881939","3"
"PRVLSM","c6283574","VR","NA","","NA","8","c5283267","2","NA","NA","2942","NA","NA","NA","6","3","2","Lautaselta syödään patalappuja.","1","7","888","NA","NA","891207","NA","NA","881939","3"
"PRVLSM","c6283574","VRM","NA","","NA","8","c5283267","2","NA","NA","2942","NA","NA","NA","6","3","2","Lautaselta syödään patalappuja.","1","7","888","NA","NA","892750","NA","NA","881939","3"
"PRVLSM","c6283574","VRM","NA","","NA","8","c5283267","2","NA","NA","2942","NA","NA","NA","6","3","2","Lautaselta syödään patalappuja.","1","7","888","NA","NA","894491","NA","NA","881939","3"
"PRVLSM","c6283574","VRM","NA","","NA","8","c5283267","2","NA","NA","2942","NA","NA","NA","6","3","3","Lautaselta syödään patalappuja.","1","7","888","NA","NA","894496","NA","NA","881939","3"
"PRVLSM","c6283574","5","NA","","NA","8","c5283267","2","NA","NA","2942","NA","NA","NA","7","3","3","Lautaselta syödään patalappuja.","1","7","888","NA","NA","925464","NA","NA","881939","3"
"PRVLSM","c6283574","56","NA","","NA","8","c5283267","2","NA","NA","2942","NA","NA","NA","7","3","3","Lautaselta syödään patalappuja.","1","7","888","NA","NA","926136","NA","NA","881939","3"
"PRVLSM","c6283574","567","NA","","NA","8","c5283267","2","NA","NA","2942","NA","NA","NA","7","3","3","Lautaselta syödään patalappuja.","1","7","888","NA","NA","926650","NA","NA","881939","3"
"PRVLSM","c6283574","5678","NA","","NA","8","c5283267","2","NA","NA","2942","NA","NA","NA","7","3","3","Lautaselta syödään patalappuja.","1","7","888","NA","NA","927114","NA","NA","881939","3"
"PRVLSM","c6283574","5678","NA","","NA","8","c5283267","2","NA","NA","2942","NA","NA","NA","7","3","3","Lautaselta syödään patalappuja.","1","7","888","NA","NA","927990","NA","NA","881939","3"
"PRVLSM","c6283574","5678","NA","","NA","8","c5283267","2","NA","NA","2942","NA","NA","NA","7","3","3","Lautaselta syödään patalappuja.","1","7","888","NA","NA","927995","NA","NA","881939","3"
